Company Name,Website
Wix,https://www.wix.com
Monday.com,https://www.monday.com
Check Point,https://www.checkpoint.com
Outbrain,https://www.outbrain.com
Amdocs,https://www.amdocs.com
Nice Systems,https://www.nice.com
Magic Software,https://www.magicsoftware.com
JFrog,https://www.jfrog.com
Redis Labs,https://www.redis.com
WalkMe,https://www.walkme.com
Riskified,https://www.riskified.com
Taboola,https://www.taboola.com
SimilarWeb,https://www.similarweb.com
Sisense,https://www.sisense.com
Skybox Security,https://www.skyboxsecurity.com
Viber,https://www.viber.com
Fiverr,https://www.fiverr.com
Gett,https://gett.com
Cybereason,https://www.cybereason.com
Waze,https://www.waze.com
Vdoo,https://www.vdoo.com
Lusha,https://www.lusha.com
Supermetrics,https://www.supermetrics.com
Salt Security,https://www.salt.security
Muze,https://www.muze.com
Namogoo,https://www.namogoo.com
Elementor,https://www.elementor.com
Augury,https://www.augury.com
Hysolate,https://www.hysolate.com
Duda,https://www.duda.co
Syte,https://www.syte.ai
Appsflyer,https://www.appsflyer.com
Panaya,https://www.panaya.com
Logz.io,https://www.logz.io
Redis,https://www.redis.com
PerimeterX,https://www.perimeterx.com
Kaltura,https://www.kaltura.com
OurCrowd,https://www.ourcrowd.com
Lightricks,https://www.lightricks.com
Oribi,https://www.oribi.io
Guesty,https://www.guesty.com
OwnBackup,https://www.ownbackup.com
BigID,https://www.bigid.com
Cato Networks,https://www.catonetworks.com
Atera,https://www.atera.com
Moovit,https://www.moovitapp.com
CyberArk,https://www.cyberark.com
SentinelOne,https://www.sentinelone.com
Imperva,https://www.imperva.com
Varonis,https://www.varonis.com
Guardicore,https://www.guardicore.com
Aqua Security,https://www.aquasec.com
Argus Cyber Security,https://argus-sec.com
XM Cyber,https://www.xmcyber.com
Tufin,https://www.tufin.com
Fireblocks,https://www.fireblocks.com
Siemplify,https://www.siemplify.co
IntSights,https://www.intsights.com
Reblaze,https://www.reblaze.com
SafeBreach,https://www.safebreach.com
Checkmarx,https://www.checkmarx.com
Hub Security,https://www.hubsecurity.com
Axonius,https://www.axonius.com
CYE,https://www.cye.io
Silverfort,https://www.silverfort.com
Deep Instinct,https://www.deepinstinct.com
Cyberbit,https://www.cyberbit.com
Indeni,https://www.indeni.com
Perception Point,https://www.perception-point.io
Claroty,https://www.claroty.com
Otorio,https://www.otorio.com
Intezer,https://www.intezer.com
Ermetic,https://www.ermetic.com
SecuredTouch,https://www.securedtouch.com
Polyrize,https://www.polyrize.com
Minerva Labs,https://www.minerva-labs.com
Wiz,https://www.wiz.io
Lightspin,https://www.lightspin.io
Avanan,https://www.avanan.com
Sygnia,https://www.sygnia.co
Payoneer,https://www.payoneer.com
Lemonade,https://www.lemonade.com
Rapyd,https://www.rapyd.net
eToro,https://www.etoro.com
Melio,https://www.meliopayments.com
Tipalti,https://www.tipalti.com
BlueVine,https://www.bluevine.com
Unit,https://www.unit.co
Fundbox,https://www.fundbox.com
Curv,https://www.curv.co
BeamUp,https://www.beamup.ai
Colu,https://www.colu.com
Pagaya,https://www.pagaya.com
BondIT,https://www.bondit.io
Vesttoo,https://www.vesttoo.com
Gloat,https://www.gloat.com
Salt Edge,https://www.saltedge.com
Thetaray,https://www.thetaray.com
Sigo,https://www.sigo.co.il
Rewire,https://www.rewire.to
Personetics,https://www.personetics.com
Finout,https://www.finout.io
HoneyBook,https://www.honeybook.com
Paygilant,https://www.paygilant.com
Justt,https://www.justt.ai
ChargeAfter,https://www.chargeafter.com
Tabit,https://www.tabit.cloud
Nayax,https://www.nayax.com
BioCatch,https://www.biocatch.com
Forter,https://www.forter.com
Mesh Payments,https://www.meshpayments.com
Breez,https://www.breez.technology
Pecan,https://www.pecan.ai
MyPart,https://www.mypart.com
Trullion,https://www.trullion.com
EverC,https://www.everc.com
Verbit,https://www.verbit.ai
TipRanks,https://www.tipranks.com
Selina,https://www.selina.com
Talpiot Security,https://www.talpiotsecurity.com
Papaya Global,https://www.papayaglobal.com
Meitav Dash,https://www.meitavdash.co.il
Celsius Network,https://www.celsius.network
CreditStacks,https://www.creditstacks.com
Crymbo,https://www.crymbo.com
Jifiti,https://www.jifiti.com
OptimalQ,https://www.optimalq.com
Zebra Medical Vision,https://www.zebra-med.com
Nano-X,https://www.nanox.vision
TytoCare,https://www.tytocare.com
Healthy.io,https://www.healthy.io
Itamar Medical,https://www.itamarmedical.com
Insightec,https://www.insightec.com
OrCam,https://www.orcam.com
MyHeritage,https://www.myheritage.com
Clew Medical,https://www.clewmed.com
Sweetch,https://www.sweetch.com
Aidoc,https://www.aidoc.com
Nym Health,https://www.nym.health
K Health,https://www.khealth.com
BrainQ,https://www.brainq.com
Scopio Labs,https://www.scopiolabs.com
Nucleai,https://www.nucleai.ai
EchoCare,https://www.echocare-tech.com
Pulsenmore,https://www.pulsenmore.com
Biobeat,https://www.bio-beat.com
Binah.ai,https://www.binah.ai
DayTwo,https://www.daytwo.com
Medisafe,https://www.medisafe.com
Lumen,https://www.lumenhealthtech.com
RMDY Health,https://www.rmdy.health
Sweetch Health,https://www.sweetch.com
EarlySense,https://www.earlysense.com
MobileODT,https://www.mobileodt.com
Telesofia Medical,https://www.telesofia.com
Nectar Sleep,https://www.nectarsleep.com
Kenzen,https://www.kenzen.com
Oxitone,https://www.oxitone.com
Rapid Medical,https://www.rapid-medical.com
UltraSight,https://www.ultrasight.com
BeCareLink,https://www.becarelink.com
FeelBetter,https://www.feelbetter.health
MediWound,https://www.mediwound.com
MeMed,https://www.me-med.com
NeuroDerm,https://www.neuroderm.com
Novotalk,https://www.novotalk.com
CureMetrix,https://www.curemetrix.com
Nexense,https://www.nexense.net
Belong.Life,https://www.belong.life
Theranica,https://www.theranica.com
NVIDIA Israel,https://www.nvidia.com
AnyVision,https://www.anyvision.co
Run:AI,https://www.run.ai
SparkBeyond,https://www.sparkbeyond.com
Via,https://www.ridewithvia.com
Cortica,https://www.cortica.ai
BeyondMinds,https://www.beyondminds.ai
Hailo,https://www.hailo.ai
Dataloop,https://www.dataloop.ai
Cynet,https://www.cynet.com
Explorium,https://www.explorium.ai
Prospera,https://www.prospera.ag
H2O.ai,https://www.h2o.ai
Deci,https://www.deci.ai
Visualead,https://www.visualead.com
Seebo,https://www.seebo.com
Intelligo,https://www.intelligo.ai
Aporia,https://www.aporia.com
AI21 Labs,https://www.ai21.com
WekaIO,https://www.weka.io
Nexar,https://www.nexar.com
ClimaCell (Tomorrow.io),https://www.tomorrow.io
Jasper,https://www.jasper.ai
AI-BI,https://www.ai-bi.co.il
EnsoData,https://www.ensodata.com
Voicenter,https://www.voicenter.com
Arbe Robotics,https://www.arbe.com
D-ID,https://www.d-id.com
vHive,https://www.vhive.com
Voiceitt,https://www.voiceitt.com
Lumenisity,https://www.lumenisity.com
Tabnine,https://www.tabnine.com
Actify Neurotherapies,https://www.actifytx.com
VocalZoom,https://www.vocalzoom.com
Hour One,https://www.hourone.ai
Cheq,https://www.cheq.ai
Inception XR,https://www.inceptionxr.com
Anodot,https://www.anodot.com
Gong.io,https://www.gong.io
Temi,https://www.robotemi.com
Intuition Robotics,https://www.intuitionrobotics.com
Roboteam,https://www.roboteam.com
Israeli Aerospace Industries (IAI),https://www.iai.co.il
Percepto,https://www.percepto.com
BetterSeeds,https://www.betterseeds.com
Autonomous Solutions,https://www.asirobots.com
Cimagine (Snap Inc.),https://www.snap.com
Magni Robotics,https://www.magnirobotics.com
ReWalk Robotics,https://www.rewalk.com
Bright Machines,https://www.brightmachines.com
SixAI,https://www.sixai.com
CyberMDX,https://www.cybermdx.com
RoboTiCan,https://www.robotican.net
Skyx,https://www.skyx.com
BlazePod,https://www.blazepod.com
Medtronic Israel,https://www.medtronic.com
Breezometer,https://www.breezometer.com
Skycure (Symantec),https://www.broadcom.com
Atlas Dynamics,https://www.atlas-dynamics.com
Autofleet,https://www.autofleet.io
Neura Robotics,https://www.neura-robotics.com
SparkRobotics,https://www.sparkrobotics.io
Airobotics,https://www.airobotics.co.il
EZRaider,https://www.ezraider.com
GenCell,https://www.gencell.energy
Indoor Robotics,https://www.indoorrobotics.com
UVeye,https://www.uveye.com
Tevel,https://www.tevel-tech.com
Vectorious,https://www.vectorious.com
GKI,https://www.gki.co.il
Diagnostic Robotics,https://www.diagnostic-robotics.com
RoboLabs,https://www.robolabs.co.il
Guardian Optical Technologies,https://www.guardian-ot.com
Tactile Mobility,https://www.tactilemobility.com
Foxsy,https://www.foxsy.ai
TechSee,https://www.techsee.me
Workiz,https://www.workiz.com
MyndYou,https://www.myndyou.com
Clevertech,https://www.clevertech.biz
Snyk,https://www.snyk.io
Cloudinary,https://www.cloudinary.com
Vera,https://www.vera.com
Satori,https://www.satoricyber.com
Optimove,https://www.optimove.com
Yotpo,https://www.yotpo.com
Taranis,https://www.taranis.ag
BigPanda,https://www.bigpanda.io
Juno Journey,https://www.junojourney.com
Simplex,https://www.simplex.com
CrowdX,https://www.crowdx.ai
Voyantis,https://www.voyantis.ai
Overwolf,https://www.overwolf.com
Site123,https://www.site123.com
LeO,https://www.leointelligence.com
Artlist,https://www.artlist.io
Viber (Rakuten),https://www.viber.com
Conduit,https://www.conduit.com
Powtoon,https://www.powtoon.com
StartApp,https://www.startapp.com
Playtika,https://www.playtika.com
Cyabra,https://www.cyabra.com
Lumenis,https://www.lumenis.com
WeWork,https://www.wework.com
Mobileye,https://www.mobileye.com
Waze (Google),https://www.waze.com
Autotalks,https://www.autotalks.com
Innoviz Technologies,https://www.innoviz.tech
Otonomo,https://www.otonomo.io
Cognata,https://www.cognata.com
Upstream Security,https://www.upstream.auto
Foretellix,https://www.foretellix.com
SolarEdge,https://www.solaredge.com
Ormat Technologies,https://www.ormat.com
Doral Energy,https://www.doralenergy.co.il
StoreDot,https://www.storedot.com
Electreon,https://www.electreon.com
GenCell Energy,https://www.gencell.energy
Aquarius Engines,https://www.aquarius-engines.com
Eco Wave Power,https://www.ecowavepower.com
H2Pro,https://www.h2pro.com
