Company Name,Website
Applied Materials,https://www.appliedmaterials.com
Argus Cyber Security,https://argus-sec.com
Axilion,https://www.axilion.com
Biosense Webster,https://www.biosensewebster.com
Broadcom,https://www.broadcom.com
CEVA,https://www.ceva-dsp.com
Check Point,https://www.checkpoint.com
citi,https://www.citigroup.com
ConteXtream,https://www.contextream.com
CTERA Networks,https://www.ctera.com
CYBERARK,https://www.cyberark.com
DELL,https://www.dell.com
DSP Group Inc,https://www.dspg.com
ebay,https://www.ebay.com
Fiverr,https://www.fiverr.com
Given Imaging,https://www.medtronic.com
IBM,https://www.ibm.com
indeni,https://www.indeni.com
Innoviz,https://www.innoviz.tech
Mellanox,https://www.mellanox.com
Microsoft,https://www.microsoft.com
MyHeritage,https://www.myheritage.com
Outbrain,https://www.outbrain.com
PayPal,https://www.paypal.com
Perion,https://www.perion.com
PerSimiO Ltd,https://www.persimio.com
Playtica,https://www.playtika.com
Qualcomm,https://www.qualcomm.com
Radware,https://www.radware.com
SONY SEMICONDUCTOR,https://www.sony-semicon.com
SPRING Biomed Vision,https://www.spring-biomed.com
Syqe Medical,https://www.syqe.com
TGS,https://www.travelholdings.com
Tipalti,https://www.tipalti.com
Valens,https://www.valens-semi.com
Vayyar Imaging,https://www.vayyar.com
VMWARE,https://www.vmware.com
Wix,https://www.wix.com
