name,website
TLV Battery,https://www.tlvbattery.tech
Aero Fin,https://www.aerofin.dev
Brightcyber,https://www.brightcyber.dev
Studios ona,https://www.studiosona.dev
TLV Hub,https://www.tlvhub.io
Fincloud,https://www.fincloud.dev
Linesoftware,https://www.linesoftware.net
Line ify,https://www.lineify.tech
TLV Coin,https://www.tlvcoin.net
Brightpartners,https://www.brightpartners.com
Sharedefense,https://www.sharedefense.tech
IntelligenceTech,https://www.intelligencetech.com
Aeroeva,https://www.aeroeva.net
Fuel ai,https://www.fuelai.net
TLV Ops,https://www.tlvops.com
Voice net,https://www.voicenet.ai
Alphavision,https://www.alphavision.ai
Guardtech,https://www.guardtech.dev
Smartlink,https://www.smartlink.tech
Bright Group,https://www.brightgroup.ai
Battery ita,https://www.batteryita.net
GreenTech,https://www.greentech.com
Volt Platforms,https://www.voltplatforms.com
Pulseuca,https://www.pulseuca.io
Cast Fin,https://www.castfin.co.il
TLV Meta,https://www.tlvmeta.co.il
Tele info,https://www.teleinfo.tech
PulseTech,https://www.pulsetech.ai
Quantum Global,https://www.quantumglobal.net
Signally,https://www.signally.co.il
TLV Pool,https://www.tlvpool.com
Savecapital,https://www.savecapital.com
Image Ventures,https://www.imageventures.com
Eco info,https://www.ecoinfo.ai
Coin,https://www.coin.co.il
Betaco,https://www.betaco.co.il
Codecapital,https://www.codecapital.io
Map Base,https://www.mapbase.io
Bright Auto,https://www.brightauto.dev
Cast ly,https://www.castly.com
Wattai,https://www.wattai.co.il
Aerodata,https://www.aerodata.ai
CortexTech,https://www.cortextech.tech
Net ica,https://www.netica.co.il
Watt app,https://www.wattapp.ai
Web Software,https://www.websoftware.co.il
Optiova,https://www.optiova.co.il
Smart Labs,https://www.smartlabs.dev
Coinita,https://www.coinita.ai
Ecoworks,https://www.ecoworks.io
TLV Block,https://www.tlvblock.ai
Insightsita,https://www.insightsita.net
Alphatech,https://www.alphatech.ai
Logi biz,https://www.logibiz.tech
TLV Vertex,https://www.tlvvertex.ai
Commanalytics,https://www.commanalytics.tech
Blockio,https://www.blockio.ai
Safeplatforms,https://www.safeplatforms.net
RouteTech,https://www.routetech.io
Intelligenceina,https://www.intelligenceina.dev
Cloud International,https://www.cloudinternational.co.il
Labsservices,https://www.labsservices.com
Gridgenetics,https://www.gridgenetics.co.il
TLV Clear,https://www.tlvclear.io
Eco tech,https://www.ecotech.co.il
Studiosbiz,https://www.studiosbiz.dev
HubTech,https://www.hubtech.com
Ledgerida,https://www.ledgerida.io
Devorg,https://www.devorg.io
NanoTech,https://www.nanotech.io
TLV Nano,https://www.tlvnano.io
TeleTech,https://www.teletech.co.il
TrueTech,https://www.truetech.ai
Match Cloud,https://www.matchcloud.tech
Softwarepartners,https://www.softwarepartners.tech
TLV Vision,https://www.tlvvision.ai
Wealthinfo,https://www.wealthinfo.com
Voltsystems,https://www.voltsystems.co.il
Clearsecurity,https://www.clearsecurity.net
Tokentech,https://www.tokentech.co.il
Matrix ix,https://www.matrixix.dev
Networkstlv,https://www.networkstlv.ai
Airdynamics,https://www.airdynamics.tech
Edgebio,https://www.edgebio.ai
TLV Air,https://www.tlvair.tech
Fundzone,https://www.fundzone.ai
CoinTech,https://www.cointech.net
ImageTech,https://www.imagetech.dev
Tele ara,https://www.teleara.io
Core ida,https://www.coreida.ai
Codeinfo,https://www.codeinfo.co.il
Dev ic,https://www.devic.io
TLV Synapse,https://www.tlvsynapse.net
Synapse Platforms,https://www.synapseplatforms.ai
Media biz,https://www.mediabiz.net
Audio Data,https://www.audiodata.ai
NexusTech,https://www.nexustech.ai
NeoTech,https://www.neotech.ai
TLV Fin,https://www.tlvfin.net
Pulsefin,https://www.pulsefin.tech
LunarTech,https://www.lunartech.io
Ledger Global,https://www.ledgerglobal.dev
True Consulting,https://www.trueconsulting.net
Fortgroup,https://www.fortgroup.net
AIita,https://www.aiita.com
Certservices,https://www.certservices.ai
Ledger ara,https://www.ledgerara.net
Platformson,https://www.platformson.tech
FlyTech,https://www.flytech.io
TLV Secure,https://www.tlvsecure.net
Vericyber,https://www.vericyber.tech
Commrobotics,https://www.commrobotics.io
Net Bio,https://www.netbio.net
Quantumbiz,https://www.quantumbiz.net
Eco ina,https://www.ecoina.tech
Route ora,https://www.routeora.tech
Audioita,https://www.audioita.co.il
Trust Engineering,https://www.trustengineering.dev
Energy ic,https://www.energyic.dev
RocketTech,https://www.rockettech.net
Speech eva,https://www.speecheva.tech
NetTech,https://www.nettech.dev
TLV Opti,https://www.tlvopti.com
Deep org,https://www.deeporg.co.il
Codegroup,https://www.codegroup.dev
SkyTech,https://www.skytech.dev
Meta ox,https://www.metaox.co.il
Platforms Group,https://www.platformsgroup.io
Pay Base,https://www.paybase.tech
Net on,https://www.neton.tech
Tensor Zone,https://www.tensorzone.dev
SecureTech,https://www.securetech.co.il
Veriintelligence,https://www.veriintelligence.tech
Cyber TLV,https://www.cybertlv.io
Powertech,https://www.powertech.net
Lunar ic,https://www.lunaric.io
Ops ic,https://www.opsic.net
BrightTech,https://www.brighttech.ai
AirTech,https://www.airtech.net
Systemsorg,https://www.systemsorg.co.il
Intelligence Services,https://www.intelligenceservices.dev
Shieldinsights,https://www.shieldinsights.dev
Aero biz,https://www.aerobiz.co.il
Hub Space,https://www.hubspace.com
Routeapp,https://www.routeapp.co.il
Traceux,https://www.traceux.tech
WattTech,https://www.watttech.io
Coinengineering,https://www.coinengineering.ai
Opsautomation,https://www.opsautomation.tech
ShareTech,https://www.sharetech.co.il
Audioanalytics,https://www.audioanalytics.dev
Solarara,https://www.solarara.net
Neo uba,https://www.neouba.co.il
Vertexiva,https://www.vertexiva.ai
Speechister,https://www.speechister.co.il
Coinuca,https://www.coinuca.tech
Telehq,https://www.telehq.dev
VeriTech,https://www.veritech.co.il
Capitaldesign,https://www.capitaldesign.io
Way io,https://www.wayio.ai
Castconsulting,https://www.castconsulting.dev
Tech Networks,https://www.technetworks.ai
SoundTech,https://www.soundtech.tech
TechTech,https://www.techtech.co.il
Speechon,https://www.speechon.net
Sharepartners,https://www.sharepartners.dev
Guard ly,https://www.guardly.co.il
Cortexapp,https://www.cortexapp.io
Line,https://www.line.ai
Stardata,https://www.stardata.tech
Geoica,https://www.geoica.dev
Cleandefense,https://www.cleandefense.io
TrackTech,https://www.tracktech.co.il
Power ister,https://www.powerister.tech
TLV Ray,https://www.tlvray.tech
Image uba,https://www.imageuba.dev
Hub Systems,https://www.hubsystems.io
Omni me,https://www.omnime.dev
Omni Security,https://www.omnisecurity.co.il
Vectorventures,https://www.vectorventures.tech
Poolita,https://www.poolita.io
Fund Instruments,https://www.fundinstruments.co.il
Videoit,https://www.videoit.co.il
Intelligenceio,https://www.intelligenceio.tech
Battery Instruments,https://www.batteryinstruments.io
Traceisrael,https://www.traceisrael.ai
Streamit,https://www.streamit.dev
Tensor Services,https://www.tensorservices.tech
Solar ox,https://www.solarox.ai
TLV Trust,https://www.tlvtrust.ai
CommTech,https://www.commtech.co.il
Trace  Therapeutics,https://www.tracetherapeutics.net
Windona,https://www.windona.tech
Wayplatforms,https://www.wayplatforms.net
Systems info,https://www.systemsinfo.net
Castcyber,https://www.castcyber.co.il
Commgenetics,https://www.commgenetics.tech
Hubora,https://www.hubora.dev
Alpha Insights,https://www.alphainsights.io
Spend,https://www.spend.co.il
CableTech,https://www.cabletech.net
Solarcyber,https://www.solarcyber.net
OptiTech,https://www.optitech.tech
Grid Studio,https://www.gridstudio.net
TLV Connect,https://www.tlvconnect.com
Rocketcloud,https://www.rocketcloud.tech
Hubio,https://www.hubio.tech
Speechox,https://www.speechox.io
Alpha Zone,https://www.alphazone.com
Way iva,https://www.wayiva.dev
SustainTech,https://www.sustaintech.net
Meta Vision,https://www.metavision.net
Cortextlv,https://www.cortextlv.dev
Neton,https://www.neton.ai
WindTech,https://www.windtech.com
Aero ux,https://www.aeroux.com
TLV Fly,https://www.tlvfly.tech
Betaventures,https://www.betaventures.tech
Tensorcyber,https://www.tensorcyber.ai
Match Israel,https://www.matchisrael.com
Linkbase,https://www.linkbase.dev
Flow Bio,https://www.flowbio.tech
EdgeTech,https://www.edgetech.net
AudioTech,https://www.audiotech.tech
Technologiesinfo,https://www.technologiesinfo.co.il
Castona,https://www.castona.dev
Medme,https://www.medme.io
Beacon it,https://www.beaconit.io
TLV Beacon,https://www.tlvbeacon.io
TLV Shield,https://www.tlvshield.co.il
Beamauto,https://www.beamauto.net
Ventures Intelligence,https://www.venturesintelligence.tech
Tensorica,https://www.tensorica.tech
Shieldholdings,https://www.shieldholdings.dev
Enviro therapeutics,https://www.envirotherapeutics.net
Block Cyber,https://www.blockcyber.com
Networks ly,https://www.networksly.dev
Spendtech,https://www.spendtech.co.il
Matrixlink,https://www.matrixlink.dev
CastTech,https://www.casttech.tech
TLV Cyber,https://www.tlvcyber.dev
Bit Fin,https://www.bitfin.io
TLV Sync,https://www.tlvsync.io
Solutionstech,https://www.solutionstech.ai
Ledgeron,https://www.ledgeron.com
EnergyTech,https://www.energytech.io
Chain Holdings,https://www.chainholdings.dev
Labs Software,https://www.labssoftware.tech
WealthTech,https://www.wealthtech.co.il
Beacon ina,https://www.beaconina.ai
Vertex ister,https://www.vertexister.co.il
Block ona,https://www.blockona.com
SmartTech,https://www.smarttech.dev
Airsystems,https://www.airsystems.ai
Cablezone,https://www.cablezone.net
Wattorg,https://www.wattorg.dev
Gate Software,https://www.gatesoftware.io
Beamstudio,https://www.beamstudio.net
Link Core,https://www.linkcore.com
Fund dev,https://www.funddev.com
Tensor International,https://www.tensorinternational.tech
Orbit Fin,https://www.orbitfin.com
TLV Guard,https://www.tlvguard.co.il
Batteryox,https://www.batteryox.ai
Portsecurity,https://www.portsecurity.com
TLV Match,https://www.tlvmatch.ai
Greencloud,https://www.greencloud.tech
TLV Beam,https://www.tlvbeam.tech
Share Forge,https://www.shareforge.ai
InnoTech,https://www.innotech.dev
Commox,https://www.commox.dev
Lunar Intelligence,https://www.lunarintelligence.dev
WireTech,https://www.wiretech.net
Vector AI,https://www.vectorai.net
TLV Share,https://www.tlvshare.dev
TokenTech,https://www.tokentech.net
Alpha Genetics,https://www.alphagenetics.io
Codeis,https://www.codeis.io
Bitai,https://www.bitai.tech
Omni Cloud,https://www.omnicloud.ai
TLV Cast,https://www.tlvcast.dev
Starhq,https://www.starhq.net
TLV Hydro,https://www.tlvhydro.dev
Logi ly,https://www.logily.com
TLV Token,https://www.tlvtoken.tech
Ops ica,https://www.opsica.tech
Vertex tech,https://www.vertextech.dev
SatTech,https://www.sattech.tech
SolutionsTech,https://www.solutionstech.dev
TLV Alpha,https://www.tlvalpha.ai
Fly Dynamics,https://www.flydynamics.ai
WayTech,https://www.waytech.tech
Batterysecurity,https://www.batterysecurity.ai
Metaon,https://www.metaon.com
Watthq,https://www.watthq.net
TLV Software,https://www.tlvsoftware.io
Veri Holdings,https://www.veriholdings.net
Media on,https://www.mediaon.tech
Hubcore,https://www.hubcore.tech
Spaceapp,https://www.spaceapp.com
Capitalsecurity,https://www.capitalsecurity.ai
Med ona,https://www.medona.dev
EnviroTech,https://www.envirotech.tech
Studios Cloud,https://www.studioscloud.co.il
CertTech,https://www.certtech.co.il
Wealth ida,https://www.wealthida.net
Green Automation,https://www.greenautomation.dev
Sound Space,https://www.soundspace.co.il
ChargeTech,https://www.chargetech.co.il
Tensororg,https://www.tensororg.co.il
Webuca,https://www.webuca.io
Wire Intelligence,https://www.wireintelligence.net
Grid Group,https://www.gridgroup.ai
TLV Analytics,https://www.tlvanalytics.tech
TLV Orbit,https://www.tlvorbit.tech
FortTech,https://www.forttech.dev
Flowdynamics,https://www.flowdynamics.com
Vision ara,https://www.visionara.dev
Net cloud,https://www.netcloud.dev
TLV Comm,https://www.tlvcomm.com
Pulsepartners,https://www.pulsepartners.com
Hub biz,https://www.hubbiz.dev
Ledger AI,https://www.ledgerai.com
Spend Zone,https://www.spendzone.dev
Connectcloud,https://www.connectcloud.ai
Algor Cyber,https://www.algorcyber.ai
Tracecore,https://www.tracecore.dev
Algorida,https://www.algorida.net
MetaTech,https://www.metatech.io
Cleannetworks,https://www.cleannetworks.com
TLV Sustain,https://www.tlvsustain.io
Solutions Security,https://www.solutionssecurity.tech
Castglobal,https://www.castglobal.ai
Platformsiva,https://www.platformsiva.tech
Devai,https://www.devai.dev
Deephq,https://www.deephq.ai
SignalTech,https://www.signaltech.co.il
Alpha Global,https://www.alphaglobal.dev
LabsTech,https://www.labstech.io
Net co,https://www.netco.co.il
Intelligencelabs,https://www.intelligencelabs.dev
Neuralvision,https://www.neuralvision.com
TLV Map,https://www.tlvmap.co.il
Linetlv,https://www.linetlv.io
TLV Green,https://www.tlvgreen.co.il
Portic,https://www.portic.io
Codeium,https://www.codeium.io
TLV Solar,https://www.tlvsolar.net
Powerspace,https://www.powerspace.co.il
Charge Global,https://www.chargeglobal.com
BeaconTech,https://www.beacontech.ai
Cell Base,https://www.cellbase.io
Chargelabs,https://www.chargelabs.net
Beamglobal,https://www.beamglobal.dev
Match Works,https://www.matchworks.io
Fin Bio,https://www.finbio.io
Wealthnetworks,https://www.wealthnetworks.tech
Poolco,https://www.poolco.co.il
Tensorinstruments,https://www.tensorinstruments.io
Dev ox,https://www.devox.net
Enviro ora,https://www.enviroora.co.il
TLV Gate,https://www.tlvgate.dev
Chain ex,https://www.chainex.co.il
Fort Base,https://www.fortbase.co.il
Logi Ventures,https://www.logiventures.com
Nexus Israel,https://www.nexusisrael.tech
Vectorinternational,https://www.vectorinternational.ai
BioTech,https://www.biotech.tech
TLV Flow,https://www.tlvflow.co.il
Tokennetworks,https://www.tokennetworks.io
TLV Safe,https://www.tlvsafe.ai
TLV Grid,https://www.tlvgrid.com
Satai,https://www.satai.io
TechnologiesTech,https://www.technologiestech.tech
Sync Studio,https://www.syncstudio.co.il
Matrix on,https://www.matrixon.tech
Green Security,https://www.greensecurity.io
Grid ona,https://www.gridona.co.il
Video ica,https://www.videoica.io
Routeglobal,https://www.routeglobal.co.il
TLV Bit,https://www.tlvbit.tech
Nexusify,https://www.nexusify.dev
Cert Forge,https://www.certforge.co.il
MapTech,https://www.maptech.tech
Sharedev,https://www.sharedev.co.il
HydroTech,https://www.hydrotech.net
Cloud io,https://www.cloudio.net
Sustainora,https://www.sustainora.dev
Eco Fin,https://www.ecofin.co.il
Devtech,https://www.devtech.tech
AnalyticsTech,https://www.analyticstech.net
Way ux,https://www.wayux.co.il
BlockTech,https://www.blocktech.tech
Energy ister,https://www.energyister.ai
Portstudio,https://www.portstudio.net
TrustTech,https://www.trusttech.io
Guardgroup,https://www.guardgroup.ai
Platforms Fin,https://www.platformsfin.tech
Clearinternational,https://www.clearinternational.dev
Connectvision,https://www.connectvision.dev
Pairgroup,https://www.pairgroup.net
Tele is,https://www.teleis.co.il
Image cloud,https://www.imagecloud.net
Hydro Group,https://www.hydrogroup.net
Blocktech,https://www.blocktech.tech
Apex Forge,https://www.apexforge.io
Hub it,https://www.hubit.com
AutoTech,https://www.autotech.tech
Tracklabs,https://www.tracklabs.com
Cyberco,https://www.cyberco.ai
Wealth is,https://www.wealthis.co.il
Cable Holdings,https://www.cableholdings.ai
Bit Tech,https://www.bittech.co.il
PlatformsTech,https://www.platformstech.tech
Alpha is,https://www.alphais.ai
TLV Nexus,https://www.tlvnexus.com
Fortengineering,https://www.fortengineering.dev
wave  Therapeutics,https://www.wavetherapeutics.com
Speechfin,https://www.speechfin.co.il
Tele therapeutics,https://www.teletherapeutics.net
Shield Partners,https://www.shieldpartners.co.il
Greendesign,https://www.greendesign.ai
Guard uba,https://www.guarduba.net
Cortexsoftware,https://www.cortexsoftware.ai
Link Dynamics,https://www.linkdynamics.io
Pulseholdings,https://www.pulseholdings.dev
Shieldida,https://www.shieldida.net
AIservices,https://www.aiservices.co.il
Waybiz,https://www.waybiz.tech
TLV Pulse,https://www.tlvpulse.net
AITech,https://www.aitech.co.il
Sky org,https://www.skyorg.tech
Rocketcyber,https://www.rocketcyber.net
TLV Bright,https://www.tlvbright.io
AIinsights,https://www.aiinsights.io
Linetech,https://www.linetech.net
Matrixinternational,https://www.matrixinternational.co.il
Linkspace,https://www.linkspace.tech
Solutionsbiz,https://www.solutionsbiz.dev
Trackforge,https://www.trackforge.tech
TLV Inno,https://www.tlvinno.tech
Systemstech,https://www.systemstech.dev
Share Solutions,https://www.sharesolutions.co.il
Innoic,https://www.innoic.net
CapitalTech,https://www.capitaltech.tech
Flow Insights,https://www.flowinsights.tech
Cellify,https://www.cellify.com
Save ux,https://www.saveux.dev
Smartauto,https://www.smartauto.net
TLV Power,https://www.tlvpower.tech
FinTech,https://www.fintech.dev
Cleanuca,https://www.cleanuca.net
Dev ita,https://www.devita.com
Data therapeutics,https://www.datatherapeutics.co.il
Omni Capital,https://www.omnicapital.io
SpeechTech,https://www.speechtech.net
Dev Analytics,https://www.devanalytics.io
Cloudica,https://www.cloudica.net
Bytehub,https://www.bytehub.io
Hydroplatforms,https://www.hydroplatforms.com
Brightdefense,https://www.brightdefense.io
Wire iva,https://www.wireiva.io
TLV Pair,https://www.tlvpair.io
Cloudium,https://www.cloudium.tech
Matchova,https://www.matchova.net
Powerdev,https://www.powerdev.net
True ona,https://www.trueona.net
VideoTech,https://www.videotech.tech
Wealth eva,https://www.wealtheva.com
Eco Security,https://www.ecosecurity.ai
Audionetworks,https://www.audionetworks.com
Gatesecurity,https://www.gatesecurity.io
Cable International,https://www.cableinternational.io
VoiceTech,https://www.voicetech.io
Studios org,https://www.studiosorg.io
TLV Neo,https://www.tlvneo.dev
Insightsapp,https://www.insightsapp.com
TLV Volt,https://www.tlvvolt.com
Routeara,https://www.routeara.io
Wealth Intelligence,https://www.wealthintelligence.io
Clearspace,https://www.clearspace.net
Neuraltech,https://www.neuraltech.io
Line dev,https://www.linedev.dev
ConnectTech,https://www.connecttech.com
Battery Works,https://www.batteryworks.co.il
Quantumix,https://www.quantumix.ai
BroadTech,https://www.broadtech.dev
Insightsbase,https://www.insightsbase.co.il
Wire Data,https://www.wiredata.com
Energy therapeutics,https://www.energytherapeutics.com
Synapseai,https://www.synapseai.net
Shield Holdings,https://www.shieldholdings.net
Gateorg,https://www.gateorg.com
Connectstudio,https://www.connectstudio.co.il
TLV Clean,https://www.tlvclean.tech
TLV wave,https://www.tlvwave.com
TLV Fuel,https://www.tlvfuel.io
Pay Networks,https://www.paynetworks.ai
Tracktlv,https://www.tracktlv.com
TLV Beta,https://www.tlvbeta.com
Ledgerinfo,https://www.ledgerinfo.ai
Broad Core,https://www.broadcore.io
Paysolutions,https://www.paysolutions.io
TLV Signal,https://www.tlvsignal.tech
Audiouba,https://www.audiouba.co.il
Nexus Intelligence,https://www.nexusintelligence.ai
Solutionstlv,https://www.solutionstlv.tech
Fuelgenetics,https://www.fuelgenetics.tech
AI Automation,https://www.aiautomation.dev
Token Analytics,https://www.tokenanalytics.com
Comm Labs,https://www.commlabs.com
Satsoftware,https://www.satsoftware.com
Chargeforge,https://www.chargeforge.ai
AlgorTech,https://www.algortech.io
Cyberautomation,https://www.cyberautomation.com
TLV Track,https://www.tlvtrack.net
AeroTech,https://www.aerotech.co.il
Solar International,https://www.solarinternational.dev
SolarTech,https://www.solartech.net
Networksona,https://www.networksona.io
TLV Fort,https://www.tlvfort.com
Labs ic,https://www.labsic.net
Fuelsecurity,https://www.fuelsecurity.dev
Venturessecurity,https://www.venturessecurity.net
Image Link,https://www.imagelink.net
Analytics uca,https://www.analyticsuca.dev
Wattrobotics,https://www.wattrobotics.co.il
SpaceTech,https://www.spacetech.io
OpsTech,https://www.opstech.ai
TLV AI,https://www.tlvai.com
Insightsservices,https://www.insightsservices.ai
TLV Matrix,https://www.tlvmatrix.tech
LedgerTech,https://www.ledgertech.tech
Cloud iva,https://www.cloudiva.io
TLV Star,https://www.tlvstar.ai
Cleanglobal,https://www.cleanglobal.com
Pay tech,https://www.paytech.io
Quantumcore,https://www.quantumcore.tech
Logidesign,https://www.logidesign.net
Battery ica,https://www.batteryica.tech
Guardvision,https://www.guardvision.ai
Trust iva,https://www.trustiva.co.il
Paydesign,https://www.paydesign.dev
Grid HQ,https://www.gridhq.ai
Greenstudio,https://www.greenstudio.com
Certbase,https://www.certbase.ai
Pay uba,https://www.payuba.dev
Brightify,https://www.brightify.net
Wind therapeutics,https://www.windtherapeutics.ai
TLV Sat,https://www.tlvsat.com
Secureex,https://www.secureex.io
Grid app,https://www.gridapp.tech
Routecore,https://www.routecore.net
Wattbiz,https://www.wattbiz.net
TLV Cable,https://www.tlvcable.io
Coreanalytics,https://www.coreanalytics.io
Cast Ventures,https://www.castventures.com
Geo Tech,https://www.geotech.ai
Trackbase,https://www.trackbase.co.il
Alpha TLV,https://www.alphatlv.tech
Bio it,https://www.bioit.tech
Token Global,https://www.tokenglobal.ai
TLV Networks,https://www.tlvnetworks.net
Castly,https://www.castly.co.il
Coresolutions,https://www.coresolutions.ai
Savedevices,https://www.savedevices.co.il
Deep Solutions,https://www.deepsolutions.io
Technologiesdefense,https://www.technologiesdefense.net
Beam Group,https://www.beamgroup.com
Air Devices,https://www.airdevices.io
TLV Labs,https://www.tlvlabs.tech
Rocketit,https://www.rocketit.co.il
TLV Platforms,https://www.tlvplatforms.dev
Tensor Auto,https://www.tensorauto.dev
Route dev,https://www.routedev.net
CodeTech,https://www.codetech.net
Software Studio,https://www.softwarestudio.ai
Biosoftware,https://www.biosoftware.co.il
Audioholdings,https://www.audioholdings.ai
Flyora,https://www.flyora.io
Matrixinsights,https://www.matrixinsights.com
Pair uca,https://www.pairuca.co.il
Alpha Intelligence,https://www.alphaintelligence.co.il
Technologiesstudio,https://www.technologiesstudio.co.il
Wireio,https://www.wireio.com
Neuralix,https://www.neuralix.net
Neuraldev,https://www.neuraldev.io
Geo uca,https://www.geouca.ai
Flowium,https://www.flowium.net
Apexnode,https://www.apexnode.ai
Connect eva,https://www.connecteva.co.il
Skydata,https://www.skydata.ai
True International,https://www.trueinternational.ai
Studios Holdings,https://www.studiosholdings.com
Datauca,https://www.datauca.dev
Wind ona,https://www.windona.io
Analyticsica,https://www.analyticsica.co.il
Pool Space,https://www.poolspace.io
MediaTech,https://www.mediatech.co.il
Synapseholdings,https://www.synapseholdings.com
Solar therapeutics,https://www.solartherapeutics.ai
Labs Dynamics,https://www.labsdynamics.net
Novafin,https://www.novafin.ai
Orbitinstruments,https://www.orbitinstruments.ai
Energycloud,https://www.energycloud.ai
RayTech,https://www.raytech.net
Tensorcloud,https://www.tensorcloud.net
Line me,https://www.lineme.dev
Stream is,https://www.streamis.io
Beamtech,https://www.beamtech.tech
Voiceida,https://www.voiceida.io
Apexdynamics,https://www.apexdynamics.co.il
Celleva,https://www.celleva.tech
Enviroara,https://www.enviroara.net
Trust Dynamics,https://www.trustdynamics.io
Line org,https://www.lineorg.dev
TLV Pay,https://www.tlvpay.net
Voice iva,https://www.voiceiva.ai
Funduca,https://www.funduca.tech
Omninode,https://www.omninode.co.il
ClearTech,https://www.cleartech.net
EcoTech,https://www.ecotech.com
TLV Route,https://www.tlvroute.dev
GridTech,https://www.gridtech.io
Orbitme,https://www.orbitme.com
TLV Wire,https://www.tlvwire.io
TLV Geo,https://www.tlvgeo.com
SyncTech,https://www.synctech.co.il
Cloudio,https://www.cloudio.io
TLV Trace,https://www.tlvtrace.ai
BeamTech,https://www.beamtech.io
CyberTech,https://www.cybertech.net
Opsnet,https://www.opsnet.net
Audiotech,https://www.audiotech.dev
Route Services,https://www.routeservices.net
Metaox,https://www.metaox.ai
Securenode,https://www.securenode.dev
DataTech,https://www.datatech.dev
Amplabs,https://www.amplabs.com
SpendTech,https://www.spendtech.dev
Image Capital,https://www.imagecapital.dev
CoreTech,https://www.coretech.com
Web ister,https://www.webister.ai
Edgebase,https://www.edgebase.net
TLV Quantum,https://www.tlvquantum.net
Analytics ora,https://www.analyticsora.com
Amp ona,https://www.ampona.dev
Nexusorg,https://www.nexusorg.tech
TLV Wind,https://www.tlvwind.com
Geopartners,https://www.geopartners.io
Waycloud,https://www.waycloud.net
Solar cloud,https://www.solarcloud.net
Volt ic,https://www.voltic.dev
Studios Global,https://www.studiosglobal.ai
Poolium,https://www.poolium.co.il
Analyticsisrael,https://www.analyticsisrael.tech
SystemsTech,https://www.systemstech.dev
Code ica,https://www.codeica.com
Neoglobal,https://www.neoglobal.io
Bio eva,https://www.bioeva.io
Flowdesign,https://www.flowdesign.com
True iva,https://www.trueiva.net
Match Ventures,https://www.matchventures.io
Medanalytics,https://www.medanalytics.io
Neural Israel,https://www.neuralisrael.com
TLV Cell,https://www.tlvcell.tech
Secure ita,https://www.secureita.dev
Port Group,https://www.portgroup.com
Synapsefin,https://www.synapsefin.com
Alpha co,https://www.alphaco.tech
Greensystems,https://www.greensystems.tech
Gridbase,https://www.gridbase.net
Amp ic,https://www.ampic.com
Cortex Devices,https://www.cortexdevices.dev
Syncdynamics,https://www.syncdynamics.com
Edge Platforms,https://www.edgeplatforms.co.il
Truezone,https://www.truezone.ai
Brightcapital,https://www.brightcapital.dev
Lunar Automation,https://www.lunarautomation.net
FlowTech,https://www.flowtech.tech
TLV Stream,https://www.tlvstream.io
Guardnode,https://www.guardnode.com
TLV Vector,https://www.tlvvector.com
Fortox,https://www.fortox.net
Sky TLV,https://www.skytlv.tech
Hubstudio,https://www.hubstudio.io
Linkuba,https://www.linkuba.net
Apex Platforms,https://www.apexplatforms.net
Lineister,https://www.lineister.ai
Cyber International,https://www.cyberinternational.tech
Web Forge,https://www.webforge.tech
Beampartners,https://www.beampartners.io
TLV Energy,https://www.tlvenergy.tech
Nanoanalytics,https://www.nanoanalytics.ai
Commglobal,https://www.commglobal.ai
Poolzone,https://www.poolzone.tech
Nexus Services,https://www.nexusservices.ai
Vertexium,https://www.vertexium.io
Sustaininfo,https://www.sustaininfo.net
Shareium,https://www.shareium.com
TLV Charge,https://www.tlvcharge.com
TLV Technologies,https://www.tlvtechnologies.ai
Fund Solutions,https://www.fundsolutions.ai
TLV Aero,https://www.tlvaero.tech
TLV Web,https://www.tlvweb.co.il
TLV Cortex,https://www.tlvcortex.tech
True ica,https://www.trueica.dev
TLV Way,https://www.tlvway.tech
Labs me,https://www.labsme.tech
Shield ita,https://www.shieldita.co.il
Eco Hub,https://www.ecohub.com
TLV Wealth,https://www.tlvwealth.tech
Space Labs,https://www.spacelabs.net
TLV Solutions,https://www.tlvsolutions.tech
Block,https://www.block.io
Connect Partners,https://www.connectpartners.co.il
BitTech,https://www.bittech.ai
Amp HQ,https://www.amphq.com
Capitalautomation,https://www.capitalautomation.ai
GuardTech,https://www.guardtech.com
Wire TLV,https://www.wiretlv.dev
Nanocloud,https://www.nanocloud.ai
Green Cyber,https://www.greencyber.io
Block Hub,https://www.blockhub.net
ShieldTech,https://www.shieldtech.net
ByteTech,https://www.bytetech.dev
Technologies Dynamics,https://www.technologiesdynamics.ai
Edge co,https://www.edgeco.io
Meta ic,https://www.metaic.tech
TLV Capital,https://www.tlvcapital.io
Omniium,https://www.omniium.ai
TLV Edge,https://www.tlvedge.tech
Skybase,https://www.skybase.tech
Wayeva,https://www.wayeva.co.il
Broad uba,https://www.broaduba.co.il
Code cloud,https://www.codecloud.co.il
Edge net,https://www.edgenet.ai
Shieldister,https://www.shieldister.co.il
Wiresoftware,https://www.wiresoftware.dev
TLV Tech,https://www.tlvtech.com
TLV Spend,https://www.tlvspend.co.il
DevTech,https://www.devtech.ai
TLV Data,https://www.tlvdata.dev
TLV Broad,https://www.tlvbroad.tech
BetaTech,https://www.betatech.net
Gate ora,https://www.gateora.net
Ampex,https://www.ampex.dev
Byteova,https://www.byteova.com
Coremed,https://www.coremed.co.il
Secureuba,https://www.secureuba.ai
Linemed,https://www.linemed.dev
Algor it,https://www.algorit.net
Orbit cloud,https://www.orbitcloud.net
Aero Services,https://www.aeroservices.com
Dataauto,https://www.dataauto.dev
Algorinsights,https://www.algorinsights.ai
Solutions Genetics,https://www.solutionsgenetics.net
Geobio,https://www.geobio.ai
Veri Node,https://www.verinode.tech
Spendfin,https://www.spendfin.io
Cable Data,https://www.cabledata.ai
Novaorg,https://www.novaorg.net
TLV Link,https://www.tlvlink.io
Share Services,https://www.shareservices.dev
Rocket Forge,https://www.rocketforge.ai
Volt Vision,https://www.voltvision.io
Coin Israel,https://www.coinisrael.net
Powerinsights,https://www.powerinsights.ai
Blocksoftware,https://www.blocksoftware.co.il
Power Devices,https://www.powerdevices.dev
TLV Net,https://www.tlvnet.dev
Port eva,https://www.porteva.io
Deepeva,https://www.deepeva.co.il
TLV Sky,https://www.tlvsky.tech
Sync Dynamics,https://www.syncdynamics.com
TLV Code,https://www.tlvcode.com
DeepTech,https://www.deeptech.tech
Intelligence co,https://www.intelligenceco.com
Air Consulting,https://www.airconsulting.com
TLV Line,https://www.tlvline.com
Sync co,https://www.syncco.co.il
TLV Eco,https://www.tlveco.com
Block International,https://www.blockinternational.co.il
Omniic,https://www.omniic.io
TLV Lunar,https://www.tlvlunar.net
TLV Media,https://www.tlvmedia.net
Gridon,https://www.gridon.io
Intelligence Systems,https://www.intelligencesystems.tech
Bit org,https://www.bitorg.io
Beaconuba,https://www.beaconuba.ai
SafeTech,https://www.safetech.net
Wire Fin,https://www.wirefin.dev
VoltTech,https://www.volttech.com
VisionTech,https://www.visiontech.io
TLV Veri,https://www.tlvveri.net
Intelligence Works,https://www.intelligenceworks.tech
Windfin,https://www.windfin.tech
Fly Labs,https://www.flylabs.co.il
Geotlv,https://www.geotlv.com
Coin Networks,https://www.coinnetworks.co.il
Matrix International,https://www.matrixinternational.tech
Technologies on,https://www.technologieson.io
Rocket Global,https://www.rocketglobal.co.il
TLV Studios,https://www.tlvstudios.co.il
True Insights,https://www.trueinsights.net
Metait,https://www.metait.co.il
Intelligencedata,https://www.intelligencedata.co.il
Nexus org,https://www.nexusorg.dev
Networksdev,https://www.networksdev.com
Synctech,https://www.synctech.tech
Beacon Works,https://www.beaconworks.io
FundTech,https://www.fundtech.ai
AlphaTech,https://www.alphatech.com
PoolTech,https://www.pooltech.net
Chargeautomation,https://www.chargeautomation.io
GateTech,https://www.gatetech.net
Watt Cyber,https://www.wattcyber.co.il
Insights ona,https://www.insightsona.co.il
TLV Apex,https://www.tlvapex.co.il
Fuel Analytics,https://www.fuelanalytics.net
ApexTech,https://www.apextech.co.il
Fin tech,https://www.fintech.tech
Traceauto,https://www.traceauto.net
Broadify,https://www.broadify.dev
Enviro Defense,https://www.envirodefense.io
VectorTech,https://www.vectortech.dev
Wealth Insights,https://www.wealthinsights.dev
Solutionsara,https://www.solutionsara.dev
MedTech,https://www.medtech.ai
Core,https://www.core.tech
Way Devices,https://www.waydevices.io
GeoTech,https://www.geotech.co.il
AmpTech,https://www.amptech.com
Broadme,https://www.broadme.com
Insightsgenetics,https://www.insightsgenetics.dev
Guardova,https://www.guardova.co.il
Beacon ex,https://www.beaconex.io
Clear Devices,https://www.cleardevices.net
Nethq,https://www.nethq.net
Dataon,https://www.dataon.tech
Media Fin,https://www.mediafin.io
Star Engineering,https://www.starengineering.net
Synapse net,https://www.synapsenet.dev
Clean Partners,https://www.cleanpartners.ai
ChainTech,https://www.chaintech.io
TLV Enviro,https://www.tlvenviro.net
QuantumTech,https://www.quantumtech.com
TLV Tensor,https://www.tlvtensor.net
Hydroengineering,https://www.hydroengineering.dev
Fuelon,https://www.fuelon.tech
Guard,https://www.guard.ai
Clean Works,https://www.cleanworks.io
Ecoengineering,https://www.ecoengineering.ai
Beacondata,https://www.beacondata.tech
Bitio,https://www.bitio.ai
Platforms Auto,https://www.platformsauto.ai
TLV Cloud,https://www.tlvcloud.ai
NovaTech,https://www.novatech.co.il
StreamTech,https://www.streamtech.dev
Beacon Base,https://www.beaconbase.dev
Apexmed,https://www.apexmed.io
Airara,https://www.airara.com
Ampinfo,https://www.ampinfo.tech
TLV Ledger,https://www.tlvledger.tech
Medbiz,https://www.medbiz.ai
Neuralona,https://www.neuralona.io
Savedata,https://www.savedata.com
Studiosholdings,https://www.studiosholdings.co.il
Fort me,https://www.fortme.com
Safe co,https://www.safeco.co.il
Neo Forge,https://www.neoforge.dev
TLV Smart,https://www.tlvsmart.io
CleanTech,https://www.cleantech.dev
Lunardefense,https://www.lunardefense.com
Tele Works,https://www.teleworks.dev
Technologies ox,https://www.technologiesox.io
TLV Med,https://www.tlvmed.io
Edge ox,https://www.edgeox.ai
Secure Auto,https://www.secureauto.dev
Guardzone,https://www.guardzone.tech
Fundrobotics,https://www.fundrobotics.ai
TLV Save,https://www.tlvsave.dev
Pairit,https://www.pairit.ai
TLV Intelligence,https://www.tlvintelligence.tech
MatrixTech,https://www.matrixtech.tech
Sound biz,https://www.soundbiz.tech
Batteryora,https://www.batteryora.com
Webbase,https://www.webbase.tech
Star Capital,https://www.starcapital.ai
Coindata,https://www.coindata.ai
TLV Omni,https://www.tlvomni.net
Secureina,https://www.secureina.dev
Fly Partners,https://www.flypartners.dev
TLV Dev,https://www.tlvdev.com
Guard Analytics,https://www.guardanalytics.net
Soundica,https://www.soundica.dev
Battery Dynamics,https://www.batterydynamics.ai
TLV Deep,https://www.tlvdeep.tech
SoftwareTech,https://www.softwaretech.com
Image TLV,https://www.imagetlv.tech
Alphanode,https://www.alphanode.tech
Star cloud,https://www.starcloud.io
Netdev,https://www.netdev.com
Flowgenetics,https://www.flowgenetics.co.il
NeuralTech,https://www.neuraltech.com
Neural Consulting,https://www.neuralconsulting.tech
Guard ic,https://www.guardic.com
Safe Auto,https://www.safeauto.dev
TLV Port,https://www.tlvport.dev
Grid uca,https://www.griduca.net
Rayita,https://www.rayita.tech
Ventures app,https://www.venturesapp.net
Tensorbase,https://www.tensorbase.co.il
Skyautomation,https://www.skyautomation.com
Track Fin,https://www.trackfin.tech
TLV Insights,https://www.tlvinsights.co.il
BatteryTech,https://www.batterytech.com
Fundnode,https://www.fundnode.ai
SaveTech,https://www.savetech.com
TLV Speech,https://www.tlvspeech.co.il
OrbitTech,https://www.orbittech.dev
Studioseva,https://www.studioseva.io
Telely,https://www.telely.ai
TLV Audio,https://www.tlvaudio.dev
CellTech,https://www.celltech.com
PowerTech,https://www.powertech.com
Metaita,https://www.metaita.net
Sustain HQ,https://www.sustainhq.tech
Tele Holdings,https://www.teleholdings.co.il
Fincore,https://www.fincore.io
Metasystems,https://www.metasystems.net
Gate Systems,https://www.gatesystems.com
Metaova,https://www.metaova.co.il
TLV Systems,https://www.tlvsystems.ai
Inno Intelligence,https://www.innointelligence.net
MatchTech,https://www.matchtech.co.il
Nexus Data,https://www.nexusdata.tech
SynapseTech,https://www.synapsetech.net
Brightanalytics,https://www.brightanalytics.co.il
Guard Link,https://www.guardlink.ai
Linely,https://www.linely.tech
Route ona,https://www.routeona.ai
Teledesign,https://www.teledesign.dev
TensorTech,https://www.tensortech.dev
Vector on,https://www.vectoron.tech
FuelTech,https://www.fueltech.dev
Deep Works,https://www.deepworks.dev
Cable Labs,https://www.cablelabs.com
Map Devices,https://www.mapdevices.co.il
TLV Tele,https://www.tlvtele.com
TLV Nova,https://www.tlvnova.ai
Wayona,https://www.wayona.io
Greenix,https://www.greenix.tech
Bytenode,https://www.bytenode.ai
Shareinsights,https://www.shareinsights.dev
Beta Software,https://www.betasoftware.io
Clearvision,https://www.clearvision.com
Media Engineering,https://www.mediaengineering.tech
Fly Bio,https://www.flybio.dev
Synapse Base,https://www.synapsebase.dev
Matrix ida,https://www.matrixida.co.il
Voltuba,https://www.voltuba.io
Aero Insights,https://www.aeroinsights.co.il
TLV Chain,https://www.tlvchain.co.il
TLV Image,https://www.tlvimage.net
Insightsfin,https://www.insightsfin.ai
Beam Studio,https://www.beamstudio.dev
LineTech,https://www.linetech.dev
Cyber co,https://www.cyberco.dev
TLV Logi,https://www.tlvlogi.tech
Alphainstruments,https://www.alphainstruments.tech
waveTech,https://www.wavetech.net
Lunar Data,https://www.lunardata.tech
Envirodynamics,https://www.envirodynamics.net
Networksara,https://www.networksara.tech
VertexTech,https://www.vertextech.tech
Line ic,https://www.lineic.tech
TLV True,https://www.tlvtrue.tech
TLV Byte,https://www.tlvbyte.dev
Edge dev,https://www.edgedev.tech
Cell AI,https://www.cellai.tech
Sound Cloud,https://www.soundcloud.com
TLV Auto,https://www.tlvauto.net
Smartpartners,https://www.smartpartners.ai
TLV Neural,https://www.tlvneural.com
Connectlabs,https://www.connectlabs.net
TLV Watt,https://www.tlvwatt.dev
TraceTech,https://www.tracetech.io
Streamara,https://www.streamara.net
CloudTech,https://www.cloudtech.net
Match Base,https://www.matchbase.ai
NetworksTech,https://www.networkstech.tech
PayTech,https://www.paytech.net
Gridinstruments,https://www.gridinstruments.dev
Studios me,https://www.studiosme.tech
Pool Cloud,https://www.poolcloud.ai
Tensorex,https://www.tensorex.dev
Technologies net,https://www.technologiesnet.co.il
Powerdata,https://www.powerdata.ai
LogiTech,https://www.logitech.net
